article,content,fans,name
315253篇文章,"原首页投稿专题

现暂停使用。

具体请查看：简书新版发现页文...", · 193.3K人关注,首页投稿（暂停使用，暂停投稿）
171962篇文章,欢迎关注公众号简宝玉( 公众号ID : jianshu4321 )后台..., · 1470.6K人关注,连载小说
193673篇文章,故事专题，不论是旅行生活中亲身经历的真实故事，还是童话玄幻遐想的虚构故..., · 1662.1K人关注,故事
117442篇文章,如果你是程序员，或者有一颗喜欢写程序的心，喜欢分享技术干货、项目经验、..., · 1198.8K人关注,程序员
111781篇文章,"邂逅一个国家，讲述一座城市，这里有你期待的诗与远方。

1.投稿请...", · 2989.3K人关注,旅行·在路上
69069篇文章,"借一斑略知全豹，以一目尽传精神。

投稿须知：
1.本专题收录各种类型...", · 2781.4K人关注,短篇小说
14225篇文章,"投稿须知：
1、字数不限，收入以哲学思辨（中西方哲学观点和作者本人的...", · 1108.4K人关注,哲思
95970篇文章,"生活本无趣 
光影挽留年 
用图片 说故事 
记录生活 记录美好...", · 2306.4K人关注,摄影
53249篇文章,欢迎关注公众号简宝玉( 公众号ID : jianshu4321 )后台..., · 1923.5K人关注,@IT·互联网
40317篇文章,"投稿须知：

■人物专题仅收录以人物为主题的文章。例如：历史人物，...", · 871.9K人关注,人物
13257篇文章,"少年，一起来玩游戏吗？

投稿须知：
1.本专题仅收录关于游戏相...", · 272.7K人关注,电竞·游戏
397465篇文章,"提高写作能力，成为更好的自己。

练习每天写 1000 字，打卡提...", · 126.1K人关注,每天写1000字
133057篇文章,"每周写500字，一年26000字，已经可以参加简书的作者成书计划了。...", · 63.7K人关注,每周500字
63218篇文章,每天给自己一首诗的时间。, · 74.5K人关注,一首诗的时间
233744篇文章,"公告：野草诗会，简诗，花非花诗集，是极光视界旗下的一个诗会。

极...", · 57.6K人关注,简诗
16154篇文章,人类善于学习. 所以学的姿势越来越多. 但我们不是只有肉体. 我们还有..., · 79.2K人关注,一直写到老的故事
8885篇文章,提醒：投稿以前请先看一下下方的《投稿须知》：http://www.ji..., · 97.9K人关注,有意思的文章
1010篇文章,一切温暖、冷酷，长的、短的，亲情、友情、爱情，皆可成章，惟愿你我在此相..., · 74.2K人关注,随笔集
1964篇文章,爱情这个似懂非懂似有似无，不舍的放弃却也不清楚是否拥有，不是暧昧不清，..., · 57.6K人关注,我想到的爱情是什么样子？
24657篇文章,ta们开心就好, · 51.3K人关注,最后，TA们没有在一起
2633篇文章,"要相信，你生命中遇到的每一个人都有深意。
每一段故事都是会呼吸会眨眼...", · 59.8K人关注,路人故事
3296篇文章,"那时她还太年轻，不知道上帝给予她的馈赠早已在暗地里标好价格。


", · 65.9K人关注,好姑娘要光芒万丈
225243篇文章,青春是诗，青春是歌，青春是画，青春是书桌上那沓厚厚的试卷，是寄给隔壁班..., · 1420.6K人关注,青春
175207篇文章,是【诗友会】的子专题, · 31.1K人关注,简诗集
15361篇文章,"关于读书的文章或者书评。

不定期会精选一些好的文章发在公众号（j...", · 5.5K人关注,读书
4575篇文章,想到什么就写什么。「只收录随笔，非原创勿投，一次请只投一篇」, · 10.9K人关注,一个人的随想录
466篇文章,那些在做产品过程中的感悟、方法论、技巧均可以分享, · 3.4K人关注,产品经理感悟
150篇文章,"
", · 2.4K人关注,拒绝基本
62篇文章,热点资源搜集, · 3.7K人关注,资源集
19篇文章,大学从我身上下来，边系裤子边说，青春留下，你走。那一刻我才明白，不是我..., · 10.7K人关注,上了大学才知道
4313篇文章,人生百味，岂可修，诚可学, · 1.5K人关注,世间事
41篇文章,本专题专门收集有关如何打造型男/暖男的各种idea和方式方法，以及各种..., · 2.8K人关注,型男/暖男学院
77篇文章,本专题只收录2015年上映的良心国产动画《大圣归来》的相关内容（包括影..., · 783人关注,西游记之大圣归来 (2015)
36篇文章,用博客，图片和音乐记录我们的生活，支持情感交流，分享智慧和友谊。（P...., · 1.3K人关注,他和她的故事
725篇文章,交互设计之路, · 4.9K人关注,交互设计
1578篇文章,        安定有序的社会离不开法律，藏龙卧虎的「简书」也少不了法..., · 4.1K人关注,法律人
785篇文章,法律为美好生活保驾护航，生活中的法律细微极致，需要专业的人士帮忙分析，..., · 2.1K人关注,生活中的法律
7篇文章,帮助增长一些经验来提高口才和自信, · 8.6K人关注,口才与自信
903篇文章,只收产品经理进阶文章，初级入门类勿投, · 2.2K人关注,产品经理进阶
1946篇文章,"民谣才是最爱！！！民谣才是真爱！！！

欢迎大家投稿分享自己喜欢的...", · 4.1K人关注,民谣才是最爱
472篇文章,产品经理的产品观与方法论, · 5.1K人关注,PMidea
57篇文章,"此处也是生活。

记录偏向「个人主义」、「顺应人性」、「理想主义」...", · 2.2K人关注,如此酷炫的人生
88篇文章,做一枚pm不难，难的是做一枚好pm。, · 2.7K人关注,如果你是产品经理
91篇文章,有关一切明星娱乐和综艺节目点评, · 4.2K人关注,综艺娱乐点评
-76篇文章,"每期一专题的探讨性情。
转载需注明出处，版权归十色所有。
#微信号...", · 3.6K人关注,性不同周刊
10625篇文章,关注互联网产品规划、开发、设计。原则上仅接受原创文章投稿。, · 6.6K人关注,互联网产品思考
2322篇文章,程序员日常，代码，教程，学习笔记，只收录原创、排版精致，用心写作的文章..., · 8.2K人关注,我是程序员；您好程先生；叫我序员就好了
-1116篇文章,"记录自己炒股成长进步，见证自己封神之路！ 



", · 3.2K人关注,股神
782篇文章,社交App的产品体验、运营分析全集, · 2.6K人关注,社交产品体验与运营
158篇文章,投稿者请注意：本专题仅为互联网产品分析提供讨论平台，欢迎原创细致分析文..., · 4.2K人关注,互联网产品分析报告
270篇文章,"围城外的思考，围城内的感悟。来这里谈谈婚姻吧。

如果您的投稿被拒...", · 2.8K人关注,婚姻圆舞曲
2565篇文章,日本，对于中国这个民族来说可以说是又爱又恨，正因为如此，所以我们才更应..., · 4.8K人关注,知己知彼---日本
2112篇文章,"心情不好的时候问自己 ：   我为何这么屌  
心情好的时候问自己 ...", · 4.1K人关注,寒哥管理的技术专题
149篇文章,有关美剧的一切, · 4.5K人关注,我们都爱看美剧
14241篇文章," 音乐会友，用笔尖记录行走的音乐故事。

投稿要求请参照音乐天堂专...", · 701.5K人关注,音乐天堂
655篇文章,"每周一到周五，最真实的生活故事和遭遇，最真实的情绪和心声。

无论你在...", · 7.0K人关注,吐槽来了
243篇文章,茫茫的20多年职场，经历了很多行业，很多不同的职业，在这里告诉你我的失..., · 1.9K人关注,我的打酱油的职场认识
480篇文章,关注Java开发相关技术, · 21.5K人关注,Java技术文章
23004篇文章,本专题收录与外语、外国、异域有关的外语学习类文章（包括但不限于学习技法..., · 759.8K人关注,语言·翻译
4058篇文章,每个程序员上辈纸都是法力无边的巫师, · 5.4K人关注,码农的世界
180篇文章,"欢迎所有关于《冰与火之歌》的书评、视评，演绎、重译。



", · 2.0K人关注,冰与火之歌
983篇文章,【微信公众号：废话集（微信号：feihuajizi）】转载、联系、交流..., · 2.9K人关注,深夜诗堂
791篇文章,"提示：
2016年10月1日起，不再接受投稿。
谢谢各位。

...", · 6.1K人关注,关于时尚的那些事儿
16篇文章,软件只是工具，要的是效率。, · 4.0K人关注,推荐的不只是软件
459篇文章,哲学家提出了许多耐人寻味的命题，值得我们现代人对他们的思想作进一步思索..., · 4.0K人关注,哲学家
333篇文章,爱一次伤一次，总觉得失去了爱人的能力。可是看见别人美好的爱情，发现自己..., · 2.5K人关注,还是一如既往期待爱情
14篇文章,产品菜鸟，记录所学所得。, · 2.8K人关注,我的产品自学之路
1249篇文章,旅行即生活, · 2.6K人关注,旅行日志
1093篇文章,从1到X，死磕运营；我的产品，我来操盘, · 3.2K人关注,运营之光
3291篇文章,古体诗，近体诗，古言诗词歌赋雅集, · 4.7K人关注,诗词文集
11篇文章,"一起遇见更好的自己！

本专题不定期更新，微信平台每周二四六定时更...", · 3.9K人关注,男神养成
302篇文章,专注为游戏爱好者建设的专题，希望以高品质的内容让玩家能够找到一片安详之地。, · 2.1K人关注,游戏文化
325000篇文章,"本专题收录一切与思考的相关文章。﻿

投稿须知：﻿

1.字数...", · 1280.8K人关注,想法
1447篇文章,"世间烦扰，我们想用最短的言语去表达。
但有时，却依然没能阐明内心，那...", · 9.8K人关注,情书
145篇文章,"欢迎与我交流Android 开发和互联网项环内容。
欢迎关注我的微信...", · 6.6K人关注,Android Dev
137篇文章,草木有本心, · 14.6K人关注,画语
609篇文章,每一座城市都有属于自己的故事, · 2.9K人关注,简书·城记
17400篇文章,"勇敢的少年们，一起去征服世界吧！

投稿须知：本专题仅收录与动画、...", · 385.8K人关注,二次元
25篇文章,这些影响人类历史的伟大思想会指引人类前进的方向。, · 4.8K人关注,影响人类历史的大人物
239篇文章,记录下自己的人生历程，或悲或喜，或彷徨或乐观，所有的经历可不就是自己的..., · 5.4K人关注,旅游 摄影 读书 
2604篇文章,干货技术文。, · 4.4K人关注,技术文
1006篇文章,当你在为一种选择倍受煎熬，倍感逼迫时，如若改换一下思路，往往会有“柳暗..., · 4.8K人关注,写给大学生的信
142篇文章,Swift语言开发笔记, · 3.7K人关注,Swift
133篇文章,做有趣的人，做有趣的事，遇上有趣的事，认识有趣的人。, · 2.8K人关注,有趣
34篇文章,心理学, · 6.4K人关注,人人都恨心理学
8304篇文章,各类历史知识或评论，欢迎投稿！尤其欢迎艺术史、音乐史、科技史、电影史等..., · 21.2K人关注,历史有意思
17880篇文章,每日一记，, · 2.8K人关注,凡人日记
14篇文章,搜索了很多次都没有护肤的专题，实在遗憾，索性自己建一个，邀请各位姐妹兄..., · 10.0K人关注,美肤分享
77篇文章,魔鬼还是天使，均在一念之间，一花一世界，一个人的世界，自我玩乐，芸芸众..., · 4.4K人关注,一个人的世界
412篇文章,碎片化时代，需要对我们阅读的信息进行整理、整合。建立属于自己的资料馆。, · 7.9K人关注,整理癖
27228篇文章,"电影、影评


不定期会精选一些好的文章发在公众号（joojen...", · 7.6K人关注,电影
232篇文章,"本专题为“旅游”相关的话题。

投稿前请如下要求：

1）文章...", · 3.6K人关注,旅游
538篇文章,对游戏进行评价以帮助玩家确定游戏的类型，判断是否尝试游戏，从中获取玩家..., · 2.0K人关注,游戏评测
333篇文章,村上春树的问答栏目（http://www.welluneednt.co..., · 12.5K人关注, 村上问答集
267篇文章,"和所有以梦为马的诗人一样 
我借此火得度一生的茫茫黑夜

《梦马...", · 5.7K人关注,以梦为马
47625篇文章,"发乎于心，言之在理。

本专题仅收录主题与心理学知识、心理健康与内...", · 1589.0K人关注,心理
386篇文章,本专题只接受创业•产品•创意•IT干货相关的高质量原创文章以及第一手的..., · 6.3K人关注,IT•产品
794篇文章,交流印象笔记Evernote使用方法和技巧，最新活动、粉丝故事、问题汇..., · 10.5K人关注,印象笔记 Evernote
46801篇文章,"人生不过三万天，成功失败均坦然，是非恩怨莫在意，健康快乐最值钱！
...", · 707.6K人关注,健康&养生
389篇文章,"同名电子书已出第二版,详细参见：http://yuedu.baidu....", · 8.5K人关注,大学攻略：告诉你真相
133篇文章,知识管理专题, · 8.6K人关注,知识是管出来的
1212篇文章,"Pythoner的集中营, 收集关于Python的各种知识教程.
...", · 26.9K人关注,Pythoner集中营
11篇文章,包罗万象，海纳百川, · 6.4K人关注,涨知识
7篇文章,如果你也是个美剧、英剧爱好者，想早日说得上一口流利而且地道的美式和英式..., · 7.8K人关注,怎么成为英文狂热分子
2963篇文章,只为寻一些志同道合者抱团一起坚持，独行快，众行远，爱好文字者，加入我们..., · 2.0K人关注,千字文写作小组
8396篇文章,八一八那些年我们受过的那些教育和师友呢，有趣的、无奈的、忧伤的、欢快的..., · 6.3K人关注,我们受过的那些教育
11735篇文章,希望能收录许多优秀的杂文与散文, · 3.7K人关注,杂散文库
2039篇文章,"————开奖————

一等奖：
1、魅族手机杀人事件
2、這...", · 8.0K人关注,神转折，全简书我只服你一个
225篇文章,正值魔兽电影上映，让我们谋划一次重逢吧，在那美丽的艾泽拉斯。讲出你的故..., · 7.2K人关注,简书魔兽征文大赛
310篇文章,"More or less, U know something abou...", · 32.6K人关注,心理学
51219篇文章,恣意为诗，自以为诗，自以为是！此专题只接受诗歌类文字！, · 5.4K人关注,自以为诗
61篇文章,虽然很难维权，但是至少有一个地方可以让我们发出声音！, · 5.8K人关注,那些无节操网站盗了简书作者文，让我们团结起来，征集盗文案例
55761篇文章,国学即中国固有的学术，而传统文化是指中国传统社会，中华民族的整体生活方..., · 1273.2K人关注,国学与传统文化
640篇文章,"全方位解读社会化媒体运营
关注微博话题#社会化媒体干货#", · 5.2K人关注,社会化媒体运营
196篇文章,总有这样的人，用最纯真的情感写着最肮脏的文字。, · 8.3K人关注,脏文
389篇文章,互联网编程、web、it, · 4.2K人关注,编程it互联网
4篇文章,单纯的收集关于Github的一些简介和使用, · 5.3K人关注,Github
304篇文章,收录高质量电影题材文章，提倡附带观影资源及方式。, · 22.9K人关注,高分电影资源分享
1242篇文章,"优雅的Mac需要优雅的使用, 收集更多的Mac优雅使用指南

推荐...", · 17.8K人关注,Mac优雅使用指南
4194篇文章,突出一个“悬”字，各类悬疑、灵异、志怪、仙侠小说快到碗里来，最好第一人..., · 6.1K人关注,悬疑、灵异、志怪，玄幻、怎一个好悬的世界
95979篇文章,随心，生活如是，诗亦如是。, · 9.0K人关注,随笔诗
17844篇文章,你不理财，财不理你, · 6.2K人关注,理财投资
724篇文章,专门收纳简短精悍的诗歌。, · 2.0K人关注,简诗歌
32799篇文章,"影人故事，感人台词，小众推荐，大片吐槽；
我和这个世界有过情人般的争...", · 11.0K人关注,『闲话电影』
7522篇文章,"【最新投稿方式】
 注意：
 为了保证专题文章的质量，暂时关闭投稿...", · 10.3K人关注,iOS 开发 
215篇文章,大街网的简书专题之一：简姑娘只说，关于面试这点简单的小事儿！, · 8.5K人关注,面了个试
9920篇文章,"当文学与美食结合，无尽的想象力便是它的灵魂！

这是一个与想象力有...", · 7.0K人关注,文学与美食
758篇文章,"请勿投稿零评论文章！
请勿投稿零评论文章！

因为很重要，所以要...", · 12.1K人关注,这篇文章的评论好厉害！
2075篇文章,"各种关于各种产品的各种角度的看法。
从设计到吐槽，从追捧到海扁。
...", · 6.1K人关注,产品面面观
370篇文章,iOS，Swift，OC，架构, · 5.1K人关注,快速入门iOS
16778篇文章,生活，工作，感悟，学习，旅游，文艺，小说，诗歌，绘画，摄影，凡事自己喜..., · 8.4K人关注,做喜欢的事，过想要的生活，爱自己
205篇文章,"搜集那些能提高效率的工具。
同名公众号：gongju006（是零零，...", · 18.1K人关注,高效率工具搜罗
1171篇文章,从文学评论或者普通读者的角度评论读过的小说或其他文学题材，如电影，也欢..., · 5.0K人关注,文学共济会
7620篇文章,"自然科普专题收录与推荐标准请参考: 
https://www.jia...", · 1418.5K人关注,自然科普
253篇文章,舌尖上的吃货。, · 5.7K人关注,美食家
6篇文章,翻译Quora上的精彩问答，同时还有更多精彩诗文哟。, · 4.7K人关注,Quora与精彩翻译
130篇文章,专门收录各类书籍的阅读笔记，为您推荐好看的书籍。, · 5.5K人关注,推书试读
1179篇文章,Gentoo Linux学习记录！Linux、FreeBSD技术分享。..., · 7.9K人关注,Linux学习|Gentoo/Arch/FreeBSD
662篇文章,移动产品设计, · 16.6K人关注,移动设计
602篇文章,这是一个供设计师们分享干货和交流想法的专题。请仔细阅读收入文章的标准：..., · 20.6K人关注,设计学习
565988篇文章,"一缕墨香伴清茶。

散文专题投稿须知：
1.字数适量。散文虽形式...", · 1494.0K人关注,散文
7976篇文章,专门收录读书笔记的专题, · 5.5K人关注,读书笔记
43篇文章,一个产品经理眼中有意思的产品设计，微信公众号：oneapptoday., · 16.2K人关注,一日一APP
20618篇文章,"Android老鸟给新人的建议、资源。
更优质的原创内容，欢迎关注技...", · 22.0K人关注,Android开发经验谈
399篇文章,来，坐下来，喝杯咖啡，聊聊创业。, · 7.2K人关注,创业咖啡
738篇文章,程序员的最佳技术书推荐，技术书书讯，欢迎大家投搞给程序员书屋。联系小编..., · 10.6K人关注,郭志敏的程序员书屋
665篇文章,"主题是Github上有趣的资源。

当然写Github周边也可以～...", · 22.6K人关注,GitHub上有趣的资源
1425篇文章,生活有千万种方式，但是美好生活仅有一个内在逻辑，一颗平静的心。欢迎投稿..., · 13.7K人关注,生活美学
958篇文章,优质APP分析体验报告，记录&学习。, · 12.9K人关注,产品体验报告
1300篇文章,"简书第一订阅量的幽默段子专辑！欢迎投稿。

【推荐】迎刃《个人魅力...", · 14.4K人关注,每日段子狗
77篇文章,"这里仅储备有益身心的干货，以备不时之需。


", · 9.4K人关注,干货储备库
133篇文章,非原创的文章是九歌的精挑细选，含九歌的点评。原创的文章乃是呕心沥血之作..., · 10.8K人关注,历史有意思
3379篇文章,阳光照进屋子，我们在做游戏。, · 16.9K人关注,哲学之光
894篇文章,"鲜为人知，够冷才好。

专题介绍： 
https://www.jian...", · 30.3K人关注,冷知识
7462篇文章,思者常新，无相如水。去批判之锋锐，无立意之竭思。如水入壤，无息以知其厚..., · 15.7K人关注,思考者
22882篇文章,"运动健身，让我们一起动起来！

本专题收录与运动减肥健身相关的一切...", · 793.7K人关注,运动&健身
29490篇文章,一辈子很长又很短，一辈子很快又很慢。在这样奇妙的一辈子中，读书，应该成..., · 13.2K人关注,生命在于读书
7938篇文章,收集整理情感故事，喜欢的请订阅, · 5.3K人关注,情感故事
2492篇文章,时尚带给我们新鲜感，让我们更加有活力，也充满创造力。那么服装搭配无疑是..., · 17.3K人关注,服装搭配
2794篇文章,"Write the Code, Change the World, 改...", · 14.5K人关注,代码改变世界
1058篇文章,文学终究是人学，总想逃离人生，人生却时刻绑架你，既然无处可逃不如喜悦。..., · 6.5K人关注,写实主义，那发生在身边的真人真事
90篇文章,每个人都能读懂《周易》, · 11.6K人关注,周易
615篇文章,"语言表达优秀，故事绕有余味，不干瘪，不如蜡。

版主不常在，随机审阅。...", · 9.5K人关注,不止是小说
5364篇文章,"愿每一个认真的人都被温柔相待。
", · 20.6K人关注,睡前故事
140022篇文章,"本专题仅让编辑在特殊情况下使用，入选文章将立刻上首页。绕过推荐队列。...", · 33.0K人关注,今日看点
35191篇文章,"分享旅途中的趣事、美景、攻略

招募管理员", · 15.9K人关注,旅行
224645篇文章,我笔写我心，喜怒哀乐，人生百味。旅途偶得，生命感悟。, · 25.9K人关注,心情随笔
118篇文章,无论篇幅，无论画功，风格独立，观点自主。, · 20.8K人关注,独立漫画
920篇文章,看看别人在思考什么，每天更新。, · 7.6K人关注,简书上的产品经理文章大全
723篇文章,关于文学你一定有说不完的话。欢迎订阅最文艺公共号zuiwenyi201..., · 13.3K人关注,文学
2731篇文章,产品经理的读书笔记, · 12.7K人关注,PMbook
28篇文章,"谈谈你为什么要写作?写作的方法和技巧,如何提高.如何写作才能提问阅读量.", · 14.1K人关注,"写作方法,写作技巧"
889篇文章,这是个看脸的世界, · 25.1K人关注,形象篇
19117篇文章,林花谢了春红，太匆匆，无奈朝来寒雨晚来风。胭脂泪，相留醉，几时重? 自..., · 8.7K人关注,小文艺爱情青春
1261篇文章,带给你不一样的脑洞大开的武侠世界。, · 8.5K人关注,闲话武侠
2971篇文章,书是作者的，笔记却是自己的。文字是作者的，思想却是自己的。书不在多，而..., · 14.9K人关注,静静写读书笔记
306篇文章,心无旁骛只学英语, · 21.8K人关注,拿下英语
1862篇文章,欢迎投稿 将实用的知识共享, · 25.2K人关注,干货
387篇文章,一千万个理想主义作者的一千字历程。, · 4.1K人关注,千字文
78696篇文章,这里不通往任何地方。, · 9.7K人关注,诗友会
798篇文章,每个人都应该懂一点点金融知识，请关注【学点金融】, · 16.2K人关注,学点金融
1693篇文章,每个人都是一个故事，或平淡或精彩，讲个故事，从身边的人开始。, · 8.3K人关注,一人一故事
268篇文章,"鉴于好多人都来投稿，但是又不忍心拒绝，我说下我收录的标准：

1、...", · 10.0K人关注,iOS  开发随笔
2066篇文章,"各种健身、练肌肉、减脂的方法和励志文章,以及相关的器材介绍！", · 21.5K人关注,健身搞肌
75篇文章,"愿我能穿过黑暗，与你在一起，分享产品路上的设计，商业，逻辑之美
", · 11.1K人关注,产品设计师的笔记
1095篇文章,一座山、一条河、一个帝国，星辰的形状都可能是神的话语。欢迎来稿，讲一讲..., · 11.1K人关注,城 事
25442篇文章,任何的感情太重的话势必会回过头来伤害自己。只是情到深处，无可选择。若感..., · 10.9K人关注,长篇爱情小说‖连载
903篇文章,这是产品经理的聚集地，收录产品、运营、交互、用户体验、文档、工具、经验..., · 23.5K人关注,产品 | 运营
25051篇文章,分享Android开发的知识，教程，解析，前沿信息，都可以，欢迎大家投..., · 35.2K人关注,Android知识
40226篇文章,"【简介】
一场大学一场梦，作为人生最美好的时光，总得为这段美好留下点...", · 26.6K人关注,我的大学
9253篇文章,每个人心中都有一部自己的小说！, · 8.0K人关注,我们的小说
41599篇文章,"人情冷暖、世态炎凉，记得用右手温暖左手。
欢迎大家踊跃投稿。
", · 20.0K人关注,那些鼓舞青春的文章
3352篇文章,"本专题暂停收稿。

用图片描述世界，表达世界。

投稿须知：本...", · 320.4K人关注,读图时代
3590篇文章,从0到1，折腾产品；从1到X，操盘产品, · 8.0K人关注,产品之光
28篇文章,个人知识管理, · 15.5K人关注,知识管理
35484篇文章,"让我们在诗歌里安眠，在诗歌中醒来。
", · 8.7K人关注,睡在诗歌里
993篇文章,"用户导向设计、交互设计与用户体验的平衡。
", · 21.7K人关注,交互设计与用户体验
340篇文章,"与社交媒体营销、创意、传播相关。
— 技巧干货 ·  案例分析 ·实...", · 15.7K人关注,社交媒体营销
644篇文章,"一张照片，一个故事，不讲大道理，简单的记录生活就够了。
投稿注意：光...", · 24.2K人关注,图片故事
3557篇文章,"没时间审稿啦～（跪求管理员～～～）
-----------------...", · 35.2K人关注,摄影技巧
97篇文章,“简书福利社”是一个发布福利的平台，任何人都可以在这里发布福利或是索取..., · 11.7K人关注,简书福利社
141篇文章,Mac从入门到精通，看这个专题就对了。, · 15.8K人关注,玩转Mac
8645篇文章,只收录精华文章，至少能让别人从你的标题看出内文想说什么。, · 23.6K人关注,产品经理
881篇文章,沟通想法，分享知识，欢迎大家分享一些好的文章。, · 11.5K人关注,iOS Development
20977篇文章,每次读书，总是有一些句子感同身受，撞击心灵。有的回味无穷，有的受益匪浅！, · 12.9K人关注,读书笔记
44226篇文章,字字珠玑, · 14.8K人关注,古体诗
345篇文章,iOS移动开发相关, · 8.2K人关注,iOS移动开发
135篇文章,男士着装指南, · 10.9K人关注,男装
80730篇文章,柏拉图说每个恋爱中的人都是诗人，这里并不要求你一定要写得诗情画意，态度..., · 1164.7K人关注,谈谈情，说说爱
5313篇文章,"【在生活中写作和阅读，在书后感交流和深思】

微信公众号：书后感（...", · 34.1K人关注,书后感
105篇文章,用于提高各种效率的工具和方法搜集, · 35.6K人关注,工具& 方法
30598篇文章,嗯，我爱看的连载，都在这里了。, · 6.8K人关注,就爱看连载
112750篇文章,"公告：野草诗会原有公众号【极光世界】正式更名为【息壤者】。

【息壤...", · 14.9K人关注,野草诗会
2132篇文章,一切跟旅行相关的故事、见闻、风景和人物, · 24.3K人关注,旅行的故事
2410篇文章,这些怪东西，可能是小说，可能是故事，可能只是一些淹没在嘈杂世事中的片段..., · 16.7K人关注,怪东西
940篇文章," 【简介】
专题内容主要包括OC、swift等涉及到iOS开发进阶的内...", · 27.0K人关注,iOS开发技巧
4652篇文章,研究或深或浅--学习永无止境--间或言而有性, · 20.9K人关注,研究▪性▪学习
21760篇文章,"年轻的你，在这里遇见更好的她/他和自己
加入《大学生世界》读者交流群...", · 32.2K人关注,大学生世界
289篇文章,一不小心就长大了，我只想记录下青春，假装自己长不大。就这样，写自己的故..., · 12.8K人关注,长不大小姐的故事
79篇文章,交流和探讨最高效的学习方法，让知识落地，让知识创造价值。, · 38.5K人关注,高效学习
63119篇文章,"美食不可辜负。看美食没有配图不幸福啊！请投稿的亲们配图啊！

详细...", · 2233.1K人关注,美食
113篇文章,"我有一个创业梦，我有一颗创业心，我将要起航，我要记录创业的点滴。
希...", · 30.5K人关注,创业
257篇文章,我们是@声色犬马Hedonist ，致力于挖掘不一样的生活意趣。我们讲..., · 20.6K人关注,声色犬马Hedonist
2666篇文章,嗨，欢迎来到这里！我们是一群喜欢写作的伙伴，爱学习，爱交流，乐分享，习..., · 19.9K人关注,主题写作
7879篇文章,注意事项：一、投稿通过视为同意发表到同名微信公众号“吃喝的讲究”。二、..., · 33.0K人关注,吃喝的讲究
487篇文章,简书热文永留存。, · 24.9K人关注,简书热文
18篇文章,那些与成长有关的故事, · 15.3K人关注,成长的故事
293篇文章,"那些适合读了再读的文章……

关注简书官方微信公众号（ jians...", · 443.0K人关注,经典重读
277634篇文章,"读书专题收录与读书有关的书评、读书笔记、阅读方法、读书清单等文章。
...", · 4162.6K人关注,读书
2606篇文章,产品经理的实战, · 15.7K人关注,PMskill
5272篇文章,是否有想对他或她说的话，是否有想说却没有说出来的话，不论最后你是得到，..., · 13.5K人关注,关于爱情那点事
1716篇文章,谈谈感情，谈谈人生，仅此而已, · 11.2K人关注,关于爱情
3245篇文章,《知了》专题大到包罗IT业及互联网的大情小态，小到收罗便利的工具和应用..., · 59.4K人关注,知了·IT
35775篇文章,感性和理性的事儿也很有意思。如果人们不在一个波段频率上，就不可避免地要..., · 41.3K人关注,小说的各种小说
103491篇文章,"
喧嚣时代，这里是你安静码字的地方。拉个微信群，有意向加群一起玩写作的...", · 25.3K人关注,每天写500字
20585篇文章,加入诗社：http://funmarketing.mikecrm.co..., · 19.9K人关注,自成诗社
655篇文章,故事，真的假的不重要，温暖的搞笑的惊悚的也都不重要，重要的是，爱看故事..., · 42.8K人关注,你才不知道那些故事有多好听
69597篇文章,每周五我们在简书会议室放电影，欢迎将与电影有关的文章投稿到此专题，作为..., · 54.8K人关注,简书电影院
41485篇文章,每个写小说的孩纸都是多了一副翼的天使, · 24.1K人关注,我也爱写小说
58篇文章,"出售各种酷炫的东西，快来关注吧

商业合作请邮件：contact@...", · 44.3K人关注,简书市集
3372篇文章,专辑暂时停止收稿，改为找稿制，择良日重新再收。, · 43.8K人关注,成为更优秀的姑娘，过更美好的一生
1176篇文章,"1.记录那些读书后的文字

2.建议投稿书友在标题或文章前面有标注/提...", · 48.7K人关注,读书笔记
3568篇文章,过去的爱情，现在的爱情，未来的爱情，都值得我们去记录, · 32.7K人关注,爱情那点事儿
9849篇文章,这是产品经理的聚集地，欢迎大家投稿或者找我聊产品。擅长领域：P2P/支..., · 31.4K人关注,0岁的产品经理
46902篇文章,"关注互联网、科技。
------------------------...", · 36.5K人关注,互联网科技
3683篇文章,"读书的心得与思考

本专题将关闭投稿通道：http://www.j...", · 43.4K人关注,读书笔记
63833篇文章,"公告：野草诗会，简诗，花非花诗集，是极光视界旗下的一个诗会。

极...", · 18.1K人关注,花非花诗集
28729篇文章,"
**简书-投资理财   ①号群正式招募
**申请加入微信群请加个...", · 33.4K人关注,投资理财
37篇文章,"If you're too old to change, don't ...", · 29.1K人关注,早点读到就好了
1172篇文章,最近全力备考，故处理投稿会十分滞后，非常抱歉。, · 45.9K人关注,有趣的历史小段子
27459篇文章,分享 iOS 开发的知识，解决大家遇到的问题，讨论iOS开发的前沿，欢..., · 35.6K人关注,iOS Developer
1160篇文章,"平凡生活中的点滴，比较倾向于原创文章，读后多少能给大家些启发或考虑。...", · 19.2K人关注,生活着
637篇文章,重点关注：产品经理基础知识，实用产品方法论，工作中的实际项目经验。帮助..., · 31.5K人关注,产品汪的不归路
82篇文章,"思考如何优雅的生活，嬉笑怒骂皆可以。
这是简书最优雅的专题。", · 59.2K人关注,如何优雅
469796篇文章,"诗，一座由孤独看守的花园

主编：三水林枫

古诗词编审：北京眠石、花...", · 2143.2K人关注,诗
18篇文章,那些值得记下的台词, · 43.3K人关注,【电影截图】这句台词戳中我
99篇文章,每段故事都有一个开始，从此爱恨情仇，缠绵悱恻。既然如此，写下ta，当给..., · 1.6K人关注,初恋的故事
789篇文章,春来花几枝，好酒下故事。, · 3.2K人关注,有一个故事
61篇文章,欢迎分享你在这座城市的故事，也许你会发现，自己其实并不孤独。, · 685人关注,一个人在北京
1篇文章,china, · 80人关注,🇨🇳🇨🇳
129篇文章,读书偶拾，随感心得。, · 1.1K人关注,读书笔记
2572篇文章,收录iOS相关优质文章, · 2.0K人关注,iOS学习开发
223篇文章,  把你的我的，大家的生活写成故事吧！, · 345人关注,所有的生活都是故事
398篇文章,一名UE设计师的收录, · 2.0K人关注,UX(UE)
75篇文章,想了解品牌力演讲力以及最前言的新鲜知识？关注我们就对了。本专题将坚持每..., · 2.5K人关注,品牌在路上
440篇文章,"“I never pay off debt on time""", · 1.6K人关注,庄13咖啡馆
66篇文章,每天一个APP，每天一次产品修炼, · 3.1K人关注,一日一APP
63篇文章,互联网＋时代已经到来, · 405人关注,互联网＋
964篇文章,"关于童话的一切关联文字，包括而且不限于读后感、评论等等。
", · 630人关注,童话阅读
552篇文章,大学是一条睡不醒的鱼。我们在鱼的梦里，做着奇思妙想的事情。也许会倒看大..., · 2.8K人关注,大学
239篇文章,专注于收集互联网产品的体验报告，做简书最全的产品体验合集，欢迎投稿, · 540人关注,产品体验报告
2篇文章,每天学点儿Python。, · 1.4K人关注,我的Python自学之路
74篇文章,专门收纳简短精悍的散文。, · 342人关注,简散文
293篇文章,学术与科研生活的思考感悟、方法分享, · 1.4K人关注,认真搞科研
432篇文章,Mac, · 1.0K人关注,Mac
185篇文章,这里有在海外教汉语的故事，还有汉语在海外的现状，对外汉语教师的求职故事..., · 2.3K人关注,汉语在海外
755篇文章,电影，每秒24格的真理, · 1.0K人关注,电影
73篇文章,收录优秀App产品体验报告。#都是为了做出更好的产品#, · 2.2K人关注,产品体验报告
566篇文章,【动漫相关】本专题致力于收集及分享与二次元相关的任何事物，为读者提供高..., · 1.8K人关注,二次元の那些事
500篇文章,学习, · 1.6K人关注,iOS
8264篇文章,生活随笔, · 937人关注,生活随想
2910篇文章,记录下自己干了些什么, · 2.2K人关注,Linux学习之路
38篇文章,关于物件。物件的模样。物件的记忆。物件带给你的一切感知。, · 1.6K人关注,恋物癖
23篇文章,本专题专注于「写作的哲学、方法、策略和心得」。只收原创稿件。, · 676人关注,写作是对世界的倾诉
1495篇文章,关于电子商务行业的那些文章, · 879人关注,电商文摘
270篇文章,机器学习算法关注机器学习，人工智能，数据挖掘，计算机视觉等相关领域的文章, · 8.8K人关注,机器学习与模式识别
1431篇文章,"诗与歌与生活。

我和这个世界有过情人般的争吵。
因为相似，所以...", · 649人关注,诗の歌
7500篇文章,时事新闻, · 1.0K人关注,今日头条
156篇文章,有关互联网、媒体变革和产品的杂感记录。, · 2.5K人关注,互联网/传媒/产品思考
49篇文章,Linux Nginx NodeJS MongoDB 闲谈，聊聊好用的..., · 1.8K人关注,NodeJS in LNNM
18篇文章,心平气和的创造生活, · 608人关注,生活之禅
19篇文章,三月声色犬马为大家带来关于书房这个空间的一些小想法。, · 1.0K人关注,书房
230篇文章,再小的个体，也有自己的品牌, · 1.2K人关注,微信公众平台
1151篇文章,生活也讲究瓜熟蒂落的自然过程，年轻时没有走过这么远的路，看过不同的风景..., · 1.0K人关注,从你的全世界路过
9019篇文章,"尝试外媒与原版, 享受阅读; 学习单词和句法，点滴积累; 了解文化和习...", · 2.9K人关注,英语点滴
797篇文章,我们生活在IT的森林里，我们所看到的一切都是数字的。我们该懂一些IT知..., · 2.0K人关注,IT 森林
162篇文章,一个很不老实，但很坚持的阅读专栏。比如我们坚持不要脸地认为：我们值得关..., · 3.3K人关注,书没读完
1228篇文章,"【招募热爱生活的 -- 管理员 1-2名】
观赏电影般的生活，记录真...", · 1.2K人关注,生活点滴
1篇文章,"篇篇良心贴。
宗旨是：让妹纸少剁10只手", · 1.5K人关注,好物推荐
101篇文章,你们之间的点滴还记得吗，write it down。这是陪伴一生的回忆, · 1.3K人关注,恋爱往事
547篇文章,推荐优质资源, · 2.3K人关注,软件+网站推荐
71篇文章,设计精选，干货内容，有创意的设计，新颖的设计，极简设计收录, · 2.1K人关注,设计精选
225篇文章,29岁生日前那天，熊顿（白百何 饰）因吐槽奇葩老板而丢了工作，又遭遇极..., · 1.1K人关注,滚蛋吧，肿瘤君
250篇文章,在此分享积累的干货、想法、方法等等。, · 8.0K人关注,一直在学习
483篇文章,只收录程序员日常生活相关资讯，奇闻，段子，纯技术教学类文章请投稿到专题..., · 2.0K人关注,程序员的日常
179篇文章,不定期收集互联网上关于产品的分享。, · 1.9K人关注,PM
367篇文章,Android开发中遇到的一些小技巧/工具/总结/规范，包括原创和翻译..., · 2.8K人关注,Android Tips
718篇文章,前端开发学习、总结, · 7.3K人关注,前端开发
757篇文章,上海，这是一个充满魔幻色彩的大都市。文化多元化，政治清明，基础设施完善..., · 1.0K人关注,上海故事
7402篇文章,每天码点字，写自己最真实的生活感受，一个没有多少故事的少年，要来讲故事..., · 1.1K人关注,每日一篇
328篇文章,散文与诗，字字珠玑。, · 1.0K人关注,散文与诗
4278篇文章,玩转大数据, · 2.9K人关注,玩转大数据
122篇文章,"移动互联网是一个面向移动互联网App行业发展研究,创业运营,投融资趋势...", · 1.7K人关注,移动互联网
1140篇文章,app\web\HTML5\微信各类移动产品PM及产品运营精华干货收藏, · 1.2K人关注,移动产品PM
17篇文章,老是不断地有人关注这个专题，所以，干脆把《悬浮之城》也放进来吧，不管怎..., · 1.5K人关注,【连载】（犯罪及推理小说）不在场证明系列
1966篇文章,科技圈，娱乐圈，朋友圈，微商圈，狗仔圈，简书圈，八卦圈，写作圈，等等，..., · 3.0K人关注,贵圈真的很乱
187篇文章,让我们好好的聊一聊韩剧吧, · 1.8K人关注,韩剧不简单
24篇文章,推荐分享 Mac OS X 和 iOS 平台的优秀软件和工具 , · 3.0K人关注,Mac工具控
61篇文章,"iOS开发中的“道”。
内容大多来自“简友”，少部分来自互联网。", · 1.2K人关注,iOS_Dev_Tips
562篇文章,"设计模式仅仅是思想，本质为了解耦

重构提高代码质量，提高阅读，提升效率", · 2.9K人关注,架构设计与重构
22120篇文章,欢迎关注公众号简宝玉( 公众号ID : jianshu4321 )后台..., · 430.8K人关注,工具癖
1169篇文章,格言体。, · 934人关注,断章
22篇文章,从最原始的计算工具开始，在发展史中窥探计算机运作原理。, · 1.7K人关注,01改变世界
13篇文章,JavaScript 是一门弱类型的动态脚本语言，支持多种编程范式，包..., · 3.2K人关注,Javascript
25篇文章,外人只看结果，自己独撑过程。, · 1.8K人关注,考研
43篇文章,不仅仅是测评硬件，应用，游戏，科技产品，还讨论有关产品意义。, · 973人关注,爱测评
79篇文章,每天一首歌，单曲循环吧, · 1.5K人关注,每天一支歌
100篇文章,生活、情感、心理、感悟, · 785人关注,生活&成长
36篇文章,产品运营人员入门、进阶笔记。微信公众号：白崎（baiqinote）, · 3.9K人关注,好产品是运营出来的
504篇文章,诗, · 1.2K人关注,有意思的诗
244篇文章,"实习生们的故事，新手上路，请多关照。

欢迎更多的实习生们可以投稿...", · 2.0K人关注,实习圈
140篇文章,为了寻找不存在的写作指南, · 1.0K人关注,如何以1000字欺世盗名
1674篇文章,只是故事，说出你的故事, · 2.0K人关注,只说故事
1948篇文章,"亲子幼教话题。
喂养，陪伴，教育。
观点交锋，理念普及，知识分享，...", · 1.5K人关注,我们的孩子
525篇文章,考研失败，对大学生来说算是很大的挫折了。无论是二战还是工作，生活总要继..., · 1.3K人关注,考研失败之后
386篇文章,读读写写，其乐无穷。, · 1.1K人关注,阅读写作
119篇文章,怎样成为更好的人？把你的经验、经历写下来, · 4.9K人关注,自我提升类干货
85篇文章,所有有关日本的历史, · 996人关注,日本史
266篇文章,互联网业内八卦、评论，新闻资讯。吓哭你~, · 885人关注,互联网那点事
16篇文章,产品设计, · 509人关注,产品设计
87篇文章,台词，电视剧推荐………欢迎补充, · 1.0K人关注,美剧***
7557篇文章,分享你对这个世界想说的话, · 6.1K人关注,我想和这个世界谈谈
3527篇文章,"一、审核标准。
1、古体诗，请避开四联和两联(古绝除外)，另内容意境...", · 1.8K人关注,诗词歌赋
52篇文章,06期私导班的小伙伴，一起来吧，让我们的博客，我们的思想High起来！, · 591人关注,做自己的CEO-Follower
178篇文章,聊聊日剧吧~, · 1.4K人关注,我们都爱看日剧
283篇文章,世界最新的运动营养知识, · 2.1K人关注,运动营养
157篇文章,略, · 1.9K人关注,iOS开发
5873篇文章,没有固定的主题，想到什么写什么，喜欢什么是什么。随性，随意，随遇而安。, · 1.2K人关注,美好人生。
88篇文章,一份好的文案可以给公司带来口碑，引起潮流。欢迎写文案的一起来讨论, · 2.2K人关注,互联网文案
92篇文章,本专题只收录个人实践后有效的健康养生经验。不接受所谓的“干货”文字（比..., · 4.7K人关注,健康·经验分享
962篇文章,女人就要活的漂亮！, · 3.0K人关注,做漂亮女人
2605篇文章,爱宠物，爱动物，我想去南非大草原啊！, · 2.1K人关注,动物爱好者
1690篇文章,"生活不易 我用python
请提交关于python  语言相关的内容...", · 9.3K人关注,生活不易 我用python
416篇文章,唯有某刻顿悟时，生命的脉络才历历可见。, · 760人关注,我闻到你脑袋里有一个想法呼啸而过
27461篇文章,Android开发系列文章，与大家一起交流，欢迎投稿。, · 12.6K人关注,Android开发
69篇文章,青春成长中的爱情故事, · 1.6K人关注,我用一场疼痛送别爱情
232篇文章,古今中外，所有神人、圣人、名人、异人读书方法的总汇。, · 2.4K人关注,读书方法
1134篇文章,Tech Otakus Save the World~, · 1.6K人关注,Tech
2855篇文章,"不确定的未来遥遥无期
现实的悲伤触手可及 
时间怂恿深爱的人放手", · 4.7K人关注,给我一个故事
52篇文章,自己写自己的想法，看法，可卖萌，可深沉，可搞怪……, · 967人关注,杂谈
51篇文章,古风故事，武侠小说。山川河流，星辰大海。爱，梦想，正义，热血。, · 987人关注,古风·武侠
7442篇文章,关于你的一切，都可以在这里。, · 1.3K人关注,记录
1460篇文章,庄生晓梦迷蝴蝶, · 744人关注,梦日记
7304篇文章,"我不是诗人，不是你想象的那个诗人。

此专题收录的不一定算是好诗，...", · 1.6K人关注,我不是诗人
1719篇文章,设计师的火花集；交互设计精髓，用户体验指南, · 10.1K人关注,iDesign
334篇文章,"所有的结局从未被写好 但所有的泪水都已启程
考研 出国 就业？国企 ...", · 3.5K人关注,谁的青春不迷茫？
19834篇文章,"设计专题投稿须知： 
1. 收录类别：平面设计、环境艺术设计、交互设计...", · 745.0K人关注,设计
36篇文章,leemo, · 523人关注,读书 小说
38篇文章,ios技术学习（转载）, · 1.5K人关注,ios技术
69篇文章,iOS交流，随笔文档，个人博客收集与写作，交流心得, · 1.3K人关注,iOS精华
232篇文章,"我还没有自由,或许永远不会。", · 700人关注,我非诗人
689篇文章,生活不息，折腾不止。尽管生命如雁过无痕，也总要有一个不甘寂寞的脑袋吧？, · 1.1K人关注,日子就要玩着过
236篇文章,感悟, · 450人关注,读书感悟
3434篇文章,"植物以及植物和你的故事。

导航页：http://www.jian...", · 2.4K人关注,植物的那些事
172篇文章,只要是对金庸小说的分析，各种各种，全都收录～, · 1.5K人关注,关于金庸小说的一切
21篇文章,弗里德里希·威廉·尼采（Friedrich Wilhelm Nietz..., · 2.0K人关注,尼采
113篇文章,每个人工作中都会有领悟，如果总结并写出来，会更加提升你的能力。分享出来..., · 2.7K人关注,工作中的干货
4919篇文章,"创业是种态度，即使打工也可以有创业的心态。
本专题仅收录与创业相关的...", · 4.6K人关注,创业
-76篇文章,性解放？, · 2.7K人关注,有關於性
42篇文章,"写写生活中的笑话（部分取材我的朋友圈），供看客一乐。
更多有意思的内...", · 3.2K人关注,笑话集
170篇文章,摄影学习，知识、技巧、趣味。, · 3.5K人关注,摄影哪些事儿
94篇文章,记录自己的美食料理，美食日记，美食心情，以及美食相关的内容, · 1.6K人关注,美食在人间
359篇文章,台湾那些素，正港台湾味！, · 1.2K人关注,印象台湾
88968篇文章,"每个人都是生活家 
1.生活家收录范围：美食、美妆护肤、穿搭、手工手...", · 1851.3K人关注,生活家
108篇文章,创业者除了互暖，还应该互相帮助点什么, · 1.7K人关注,我们在哪不重要，我们在创业
19篇文章,对大部分人，没有必要深究的东西, · 2.7K人关注,无用的知识
440篇文章,关于iOS开发的一些代码，工具，技巧等, · 1.4K人关注,iOS开发资源
26364篇文章,一个职场菜鸟的成长日志, · 4.7K人关注,职场菜鸟成长记
429篇文章,把我知道的都告诉你, · 2.0K人关注,知曰
11篇文章,"看互联网大环境（社会、经济、技术等）下的金融形态的演变。
只接受原创投稿。", · 1.3K人关注,互联网金融->金融科技
19篇文章,这是一个宏大而美丽的幻想世界……, · 582人关注,网络小说
57篇文章,我相信还存在着那么一种感情，不是无病呻吟的矫情，也不是矫揉造作的心痛。..., · 909人关注,充沛的感情
150篇文章,如果逝者如同天空明媚的繁星，那么活在苍穹下的我们，是否也如流星划过, · 303人关注,生命与死亡
4020篇文章,"匕首和投枪，要锋利而切实；本专题收录针对具体事件的评论探讨。
", · 159.7K人关注,杂文
277篇文章,"本专题收录的作品类型：娱乐八卦内容

投稿要求： 
我们娱乐没有...", · 7.8K人关注,娱乐眼
167篇文章,有酒有肉还有故事。, · 482人关注,与食物有关
455篇文章,双向教育, · 1.0K人关注,家
64篇文章,收集优秀博客，只为写出优雅代码。欢迎投稿～, · 748人关注,LearningNotes-iOS
501篇文章,"每月总结和思考，
不接收每日或每周总结及少于500字的短篇总结。", · 259人关注,每月总结
218篇文章,这是一个围绕戏剧、戏曲、舞台剧周边的专题, · 776人关注,戏剧
55篇文章,多愁善感的那一刻，油然而生的印记。, · 128人关注,生活随笔
45篇文章,关于电子商务和零售的行业观察、运营、产品等，欢迎对电子商务感兴趣的人来阅读, · 534人关注,电子商务
196篇文章,偶然的生活遇见感动, · 326人关注,随笔
109篇文章,读书，写字，旅行，思考, · 96人关注,洛洛莉ya的修炼池
265篇文章,"月光折射于瓷砖上
猫依偎在火炉旁
没有天亮", · 295人关注,爱情 悲伤触手可及
1586篇文章,最近准备去美国旅游，因为想自由行，做了不少功课，厚厚几本行程！突然发现..., · 338人关注,旅游的乐趣
24篇文章,有关英剧的一切, · 734人关注,我们都爱看英剧
53篇文章,iOS开发技巧与Xcode实用技能, · 504人关注,iOS&Xcode奇技淫巧
17篇文章,一、亲爱的母校留下了我的青春和浪漫。一直有以母校为背景写故事的想法，一..., · 558人关注,连载：《左手的温度》
120篇文章,美语、英语、日语学得好的，中文学习也必定不赖, · 457人关注,英美日学习中
289篇文章,我们的目标是：帮助小白入门，分享实用技巧，让Mac成为优雅高效的利器。..., · 977人关注,MacTribe(如何优雅的使用Mac)
1篇文章,阳光是最冰冷的，这是情怀，谁也不在乎冰冷的夜晚是阳光在作祟。阳光是最美..., · 185人关注,阳光诗社
67篇文章,"这个鬼畜不是指性格上的鬼畜啦，你懂的。

话说Tama酱最近迷上了...", · 320人关注,鬼畜||| 正常人无法get的世界
65篇文章,学习, · 240人关注,自我成长
55篇文章,简书出版的各类电子书合辑。, · 824人关注,简书出版电子书
415篇文章,理想诗社, · 433人关注,理想诗社
221篇文章,"也许，你是，也许，他是，也也许，我是......
也许，是你，也许，...", · 503人关注,gay
5篇文章,如题, · 389人关注,产品经理笔记
42篇文章,如果你坚持写作，如果你正在打造自媒体，欢迎结盟，欢迎共同交流。, · 668人关注,自媒体联盟
143篇文章,本专题收录各种骈文诗赋、现代散文随笔，主题不限，生活感悟、读书笔记、心..., · 334人关注,散文随笔
137篇文章,新奇好看的web前端, · 1.4K人关注,web颜值要爆表
96篇文章,互联网观察员，自06年起持续关注互联网行业发展，对互联网各种商业模式和..., · 269人关注,互联网观察日记
59篇文章,分享交互设计原创文章, · 409人关注,交互微言
604篇文章,我们皆凡人，不是每天都能惊天动地，每日的琐事并非一无是处。写写琐事和思..., · 733人关注,琐事揭示的生活
86篇文章,生活？生活！, · 149人关注,Life
113篇文章,尽量不重复, · 110人关注,发现
210篇文章,专门对互联网上所有的草根站长以及草根创业者建立的一个草根专辑，欢迎大家..., · 228人关注,草根说
114篇文章,"――本殿堂今日起关闭，不收投稿。请绕行――
", · 248人关注,青春无恙，爱情未央
118篇文章,有关成长的问题有没有标准答案？有没有更好的办法？一起讨论下, · 279人关注,成长咨询室
28篇文章,孤独的创业路上，你需要真实，有趣的故事, · 626人关注,创业，不作死就不会死
145篇文章,指尖儿（zhijianer.me）子品牌，专注移动产品未来趋势研究。, · 226人关注,科技十年后
95篇文章,有关电视剧的一切。内地剧港剧台剧美剧日剧韩剧英剧。, · 2.4K人关注,我说电视剧
21篇文章,用手机，随手涂涂；用手机，信手写写。萌的日常地摊，不花钱来逛逛。, · 1.2K人关注,萌的日常地摊
641篇文章,我只是想轻微的触碰，你生活的韵脚。, · 846人关注,轻韵
13篇文章,这里，我想写关于猫的一切文字, · 524人关注,猫的故事
39篇文章,"互联网的商业模式探索
每周日审核投稿，望见谅！", · 187人关注,互联网商业模式
11篇文章,诗是最美的语言，内容将灭，文字永存。, · 491人关注,偶读一首诗
1613篇文章,如何利用python提高运维效率， 节省运维时间， 减少运维人肉堆砌。..., · 6.7K人关注,Python 运维
1049篇文章,"我们的童年，不是喜羊羊！！！
小时候放学回家都是得用跑的，不然就赶不...", · 424人关注,怀旧向|||关于装满童年回忆的那些动画……
116篇文章,投稿先关注我哦，一起来聊一聊互联网创业那些事。, · 293人关注,互联网创业
18篇文章,"是不是
只要我不说
你们就
真的猜不到我的感受？", · 56人关注,壹抹nan忘的茴憶
91篇文章,水不喜欢躺在屋檐上，风不喜欢挂在枝头上，倚在冲天巨石旁，看不见身后的霞光, · 347人关注,拾掇手的青春
18篇文章,比鬼神更可怕的，是人心。, · 996人关注,心理学
5篇文章,"风险投资经理，也爱画画音乐 
用一幅画，一首歌组成秘密花园", · 1.0K人关注,画，歌，诗的秘密花园
14篇文章,正在写devlog的游戏开发者请投稿到此专题, · 261人关注,游戏开发日志专题（供开发者devlog投稿）
22篇文章,就是明史。, · 807人关注,明史有关。
80篇文章,如题, · 1.2K人关注,关于咖啡的一切
23篇文章,汽车, · 485人关注,汽车玩家
121篇文章,运营, · 165人关注,运营文章
152篇文章,观看世界生态电影, · 657人关注,生态电影
551篇文章,Linux 相关文章，欢迎投稿。不接收单个的基础命令介绍和明显广告性质..., · 497人关注,Linux 相关文章
10篇文章,收集简书上关于移动医疗的的信息，欢迎关注医疗互联网的简书爱好者一起交流..., · 253人关注,移动医疗的文集
58篇文章,"你要明白自己是一个写作者
有使命感，才有写作
且行且思", · 366人关注,写作者的自省
55篇文章,作为一枚小小设计师，工作之余也偶尔会有白日梦。, · 423人关注,小小设计师
48篇文章,认真审核和编辑每日投稿内容，帮助大家拓展设计思维和技能！老铁，上车啊！..., · 905人关注,交互设计
36篇文章,心里流出的碎片。, · 120人关注,诗歌的十个
163篇文章,成长学（http://www.czxue.com）是国内首家同时关注孩..., · 581人关注,成长学
5篇文章,关注互联网创业, · 627人关注,36氪
256篇文章,最先进的营养学, · 827人关注,分子营养
229篇文章,收录最好的博客，和最好的资源, · 545人关注,IOS个人开发
202篇文章,那些年，那些事，那些人, · 480人关注,爱情短诗
733篇文章,"即使困在果壳之中，
我也是，
能算场方程的果仁！

导读：ht...", · 4.0K人关注,理科生的果壳
955篇文章,一颗星星问月亮：它什么时候能成为下一个太阳！, · 747人关注,狐言幻语
21篇文章,诗歌与私语的交界，戴着脚镣的舞蹈；在50个汉字的篇幅内，创造出最有意味..., · 440人关注,五十言
61篇文章,生而不凡，追求极致。缔造产品，一路修行。, · 1.0K人关注,产品成长记
615篇文章,关于那年 关于童年, · 310人关注,我的回忆像座城
424篇文章,因为爱情, · 4.3K人关注,关于爱情的红本本
399篇文章,就这样，养成习惯，记录生活中的爱恨与美丑。, · 470人关注,说我想说的，管你想不想听
63篇文章,不苏副医生说书复出, · 1.3K人关注,医生苏的碎碎记
319篇文章,收录简书优美原创短篇小说和故事。, · 1.4K人关注,微风暴
15篇文章,听。。。, · 350人关注,关于Music
138篇文章,职场进步的方法, · 292人关注,职场
229篇文章,收录原创短篇、中篇、长篇小说，可连载, · 588人关注,原创小说
319篇文章,软件测试方法论，个人经验谈，互联网大杂烩。投稿太多，不够时间处理……求..., · 1.1K人关注,群集·测试人在路上
-1篇文章,尤物（stunner; beauty），根据一些发行量较大的汉语词典的..., · 383人关注,尤物
161篇文章,在成为女神的路上且行且歌(￣^￣)ゞ, · 1.4K人关注,好姑娘光芒万丈
398篇文章,"收录简书热门文章（阅读数10000+）

欢迎一起来维护，有意请私信。
", · 7.3K人关注,简书精选
275篇文章,通过文字帮助自己找到真正的内在。, · 2.0K人关注,Find truth within.
1篇文章,关于视觉艺术的一切, · 230人关注,绘卷
6099篇文章,宝宝们要记住，痛则不通，通则不痛。, · 1.1K人关注,影视综艺评论
173篇文章,为什么写，因为想写。, · 451人关注,写字。
72篇文章,简书居然没有关于足球的专题。ps 求张好看的图配。pps 求大大们投稿, · 914人关注,足球
17篇文章,读《史记》。读史明智。, · 607人关注,史家之绝唱
220篇文章,这个专题说的就是那些关于旅行的事儿，爱生活，爱旅行，我们一直在路上。欢..., · 190人关注,旅行日记
1435篇文章,互联网、移动互联网、线下产品交互设计及交互研究干货收藏, · 1.6K人关注,产品交互设计
803篇文章,你看了多少电影，有多少电影在你心里留下了印象，又有多少电影看完给了你要..., · 218人关注,雕刻时光——影评专栏
18篇文章,Tips, · 933人关注,iOS
49篇文章,想创业的都该看看, · 228人关注,创业资讯
446篇文章,共享片刻宁静，同觅诗词韵律。, · 735人关注,诗云
365篇文章,动漫相关的文章, · 1.9K人关注,中二的日子
11篇文章,传统教育培训机构和互联网巨头纷纷杀进在线教育市场，使得在线教育更是一路..., · 486人关注,在线教育
11篇文章,豪尔赫·路易斯·博尔赫斯（西班牙文：Jorge Luis Borges..., · 605人关注,博尔赫斯
21篇文章,这个专题里主要收录产品经理的面试题、笔试题，以及一些面试技巧，如果你的..., · 584人关注,产品经理面试（PM）
8篇文章,！, · 1.2K人关注,心理学
108篇文章,"突然想到一个词，巴扎嘿！
我是女民工，什么时候能来一个高富帅带我走啊...", · 1.1K人关注,非技术型IT女民工
777篇文章,小时候的记忆。, · 297人关注,童年
115篇文章,十方无影像，六道绝形踪。跳出三界外，不在五行中。一著高一著，一步阔一步..., · 781人关注,学禅
216篇文章,RD, · 341人关注,IOS开发
11篇文章,在这里，我们弹弹琴说说“hi”。, · 358人关注,Ukulele VS Guitar
22篇文章,6月@声色犬马hedonist继续和大家安利关于［浴室］里面的有趣事物..., · 465人关注,浴室
6篇文章,因为非常爱玩Civilization这个游戏，所以想把游戏提到的文明整..., · 752人关注,Civilization一个“文明”的游戏
711篇文章,一只运营汪眼中干货的文章~欢迎投稿，老板娘会挑选优秀的干货文章，发布在..., · 950人关注,运营干货每日分享
49篇文章,植物科普, · 1.6K人关注,蕨的故事—神奇的蕨
142篇文章,"投稿注意！生活谁都有，随便投稿浪费彼此时间。
---

极简是态...", · 3.4K人关注,极简
258篇文章,清明，忧伤与明媚交织，那些事、那时的花开，记录难以忘记的过往，做点加速..., · 1.0K人关注,诗意清明
21篇文章,不只是做搬运工, · 411人关注,阅读记录+评论
194篇文章,投稿请先查看文章http://www.jianshu.com/p/3d..., · 4.9K人关注,只看「电影」
87篇文章,浅阅读时代，读书评日益成为人们读书的主要方式.....这个专题就是为那..., · 2.1K人关注,那些只读书评的年轻人
130篇文章,产品经理相关的心得体会, · 539人关注,产品经理
413篇文章,Java 相关, · 2.1K人关注,Java
172篇文章,重于故事性，培养法律思维, · 1.4K人关注,美国经典案例分析
46篇文章,打开你们的味蕾吧~~~, · 383人关注,美味
49篇文章,"让爸爸带孩子的好处
让爸爸带孩子的难处
当然，更有让爸爸带孩子的意...", · 403人关注,让爸爸带孩子
838篇文章,"分享知识、经验和见解

欢迎申请管理员，请私信。", · 930人关注,知识青年
71篇文章,"我们 coding，我们 coding，我们 coding
其实
...", · 863人关注,当我们在谈论编程的时候，我们在谈论什么
2篇文章,在这里，你将学习到最高效、最有效的销售管理秘籍。, · 811人关注,销售漏斗学院-明道团队编译
104篇文章,让生活变的更美好的东东, · 575人关注,美好之物
175篇文章,移动医疗  可穿戴设备, · 565人关注,移动医疗
576篇文章,"居然没有银魂专题，我来起个头，愿意做管理员的请简信联系

导演: ...", · 783人关注,银魂 - 人家光是活着，就已竭尽全力了
90篇文章,大街网的简书专题之一：应届生、实习生、校园招聘的求职攻略，找工作的外挂..., · 966人关注,求职攻略
1篇文章,关于曾看过动漫的推荐以及吐槽, · 680人关注,日漫推荐
232篇文章,分享职场经验，不断完善自己！, · 720人关注,职场交流
10篇文章,互联网产品体验，APP&PC, · 172人关注,互联网产品体验
33篇文章,收录魔幻相关作品, · 127人关注,龙与地下城
742篇文章,"博学笃志切问近思
岁月悠悠，衰微只及肌肤；热忱抛却，颓唐心至灵魂。", · 295人关注,总会有一个人聆听你的世界
26篇文章,iOS开发入门，工具汇集，思考与整理。不收录具体开发文章，开发文章请移..., · 1.2K人关注,iOS启蒙
1784篇文章,"把自己想象成一朵云，与世界没有关联，漂浮的姿态。
", · 2.4K人关注,路上书
44篇文章,收集简书上关于锤子科技的消息。欢迎锤黑随便投稿。, · 355人关注,锤子科技
97篇文章,【暂停收稿】请另投他处, · 1.1K人关注,XIAO影评
206篇文章,"旅游时的美景图集，可附带文字描述。
也可当成旅游行迹有感随笔。", · 410人关注,睁眼看世界
29篇文章,个人公众账号：GrowthMaster。记录创业、成长、产品设计等心路..., · 945人关注,心智成长
86篇文章,本专题介绍Scala编程的相关知识及应用实践, · 915人关注,Scala编程与实践
332篇文章,酷听听书致力于全球华人群体的中文有声在线收听下载。免费提供国内外热门有..., · 1.3K人关注,小说
134篇文章,考研, · 310人关注,考研
162篇文章,各种开发疑难杂症 可以加我微信rabbithua询问更详细内容, · 323人关注,程序猿大本营
100篇文章,一些学习PM的文章, · 806人关注,产品经理养成
730篇文章,统一·和谐 | 平衡 | 层次·比例 | 主导·强调     相似·对比, · 479人关注,Design
27篇文章,那些温暖的人告诉我们的事, · 442人关注,温暖故事集
212篇文章,产品胡侃，非正式讨论，欢迎来稿。, · 1.5K人关注,我是产品经理
26篇文章,书写在纸上的微凉青春, · 297人关注,用文字书写青春
1110篇文章,随便写点东西，至少500字以上, · 645人关注,随笔
11篇文章,这一代的青年，对本国的历史，应该有自己的声音。, · 584人关注,中国青年写中国史
63篇文章,独特的灵感和新颖的叙述方式所孕育出的好故事。             ..., · 1.5K人关注,看来你很会讲故事啊
2681篇文章,喜欢听歌的你，被哪一句歌词打动？, · 1.1K人关注,歌词控
26篇文章,不定期收录知乎里的精彩问答，订阅可能会怀孕。, · 512人关注,知乎者也
813篇文章,每天学点新技能！, · 714人关注,新技能get√
692篇文章,恋爱是一种能力，是能力就可通过学习来获得提升。恋爱成功的前提是个人魅力..., · 2.9K人关注,爱要怎么练
100篇文章,记录Swift的学习成长，值得收藏。, · 1.6K人关注,Swift学习笔记
522篇文章,Hadoop, · 1.3K人关注,Hadoop
14篇文章,大师情怀，文学风采，愿你喜欢。, · 479人关注,“茅盾文学奖”书展
83篇文章,do, · 1.1K人关注,Android
396篇文章,一个孤独地读书旅程，一个读书人的思想变化，通过网络让我们彼此交流, · 2.2K人关注,读书人的世界
18篇文章,进入五月初夏以后，我们的话题又回到了室内空间。五月里@声色犬马 和大家..., · 1.6K人关注,客厅
61篇文章,"无关风花雪月天长地久，只管此时此刻的你我。
只要你想，谁能左右？
...", · 1.0K人关注,心情，点滴，回忆，情感
141篇文章,学习 生活 , · 755人关注,自我提升
22063篇文章,一笔一划，一呼一吸，尽在天地之间, · 2.7K人关注,小画
200篇文章,breathe，breeze, · 1.0K人关注,治愈系
158篇文章,专注 iOS 开发, · 465人关注,iOS Dev
29篇文章,这里是GeekBand-iOS班分享知识的园地~~, · 217人关注,GeekBand极客班-iOS开发
348篇文章,如果说，我们生活的是一个世界，那么光阴炫动的便是另外一个世界吧。请展现..., · 1.8K人关注,电影志·光影世界
58篇文章,"1.个人的一些读书笔记、感悟及书评；
2.读书方法的归纳整理；
3...", · 1.5K人关注,读书小记
62篇文章,暗恋是件非常美好的事情。, · 3.4K人关注,暗恋
22篇文章,作者在简书积累了一定数量的粉丝和文字内容，且在其它社交媒体（微博、微信..., · 9.3K人关注,简书作者成书计划
237篇文章,古风控的天下，支持诗歌、微小说、连载等，欢迎长驻。愿，君心似我心。, · 891人关注,古风
7416篇文章,用心写出来的文字都是力量的。欢迎订阅与投稿。, · 1.2K人关注,我手写我心
58篇文章,虽然你不造轮子，但是你要知道轮子怎么造, · 1.2K人关注,Android 轮子
254篇文章,产品经理、交互设计、视觉设计等等关于设计的那些事儿, · 3.4K人关注,设计之路
672篇文章,绝对关你事！, · 2.8K人关注,湿货
68篇文章,除了游戏，手机还能做什么？与我们一起来探索、发现那些使手机物有所值的一切！, · 1.6K人关注,效率App推荐
841篇文章,"投稿公告：
大家好，我是专题的创建者匠心七年，欢迎加入随笔记，创建随笔...", · 339人关注,随笔记
196篇文章,摄影技术, · 2.1K人关注,摄影
2425篇文章,有些人，有些事，总是泛滥在记忆的片段里，温暖可人，此刻我们既是听众，亦..., · 1.6K人关注,时光深处的故事
61篇文章,这里汇聚最in的首饰潮流信息，也有最Geek的手工珠宝制作技法，也欢迎..., · 1.1K人关注,爱首饰
302篇文章,让思想畅游，说出你的想法，写出你的故事，做你想做的人。, · 1.6K人关注,做一个有想法的人
229篇文章,简单记录运营的点滴, · 655人关注,拿运营肿么办
43篇文章,产品经理 on the GO!, · 1.2K人关注,产品经理必订阅专题
283篇文章,主机游戏&PC游戏评测与分析, · 891人关注,游戏测评与分析
76篇文章,在简书中找对手，看你的观点不顺眼，你就是我的敌人，所以我找茬来啦！罗辑..., · 1.6K人关注,抬杠_罗辑思维
114篇文章,专注于『普及财经知识，提升财经素养』, · 106人关注,「长财思维课」
374篇文章,博尔赫斯小说人物。弗洛伊德说，小说反映的是作家幼时未实现的白日梦。, · 3.8K人关注,阿斯特里昂 文学与心理学
50篇文章,关于ios开发的一些大小事情。。。, · 389人关注,iOS开发的那些事儿。。。
149篇文章,理性排斥感性。人人都在证明自己有理性，所以感性被压抑。将它解放出来吧。, · 626人关注,感性
1787篇文章,爱情，友情，梦想，青春，旅行…故事，小说，诗歌，散文均可！或一个不为人..., · 956人关注,睡前阅读
947篇文章,分享移动开发技术、专题、干货。, · 1.3K人关注,移动开发
2007篇文章,记录与分享跑步过程中的人和事，激励我们自己，也希望感动他人。, · 777人关注,跑步团
74篇文章,选荐个人比较喜欢的APP，比较主观，设计、交互、功用、便捷、巧妙有一者..., · 1.8K人关注,iOS APP鉴
895篇文章,"房子，土地，租，卖，买，家具，装修……
需要沟通对接的可以加我微信[m...", · 794人关注,房产
95篇文章,有关韩剧的一切, · 740人关注,我们都爱看韩剧
7945篇文章,中国古典诗词趣味性品读、唐诗宋词欣赏与评论、诗人典故挖掘与阐述、故事再..., · 3.2K人关注,闲话古诗词
483篇文章,搞硬件的被软件的搞死的，搞软件被搞互联网搞死的，搞互联网的呢？目前还没..., · 7.8K人关注,互联网的世界
4269篇文章,"拒绝：
1. 流水账
2. 图片加文字
3. 手机广告
", · 2.8K人关注,手机摄影
215篇文章,"汇集互联网产品体验、分析、思维等优质文章，欢迎来稿。
（欢迎原创，转...", · 577人关注,产品汇集
13篇文章,最青涩的最悬疑，最真实的最惊悚。作者三年前写下的开头，今天才敢继续起笔..., · 1.1K人关注,嗣凯大街【悬疑连载】
178篇文章,大头：时间管理达人、专栏作者、幸福行动家，公众号【大头说时间管理】（I..., · 990人关注,大头说时间管理
891篇文章,为北漂的人们和将来阅读我的文字的朋友们而写，为的是纪念我们的青春，纪念..., · 469人关注,北漂的故事
109篇文章,多读书绝对是件好事，但是实践证明腹有诗书气自华是骗人的。, · 2.0K人关注,人丑就要多读书
1514篇文章,分享当前主流的界面设计尺寸、主流平台的设计规范、主流APP的设计规范。..., · 9.0K人关注,UI/交互设计规范
401篇文章,英文写作的地方。不论你是为了准备高考，四级，六级，专八，托福，美国高考..., · 1.2K人关注,在简书写英文(English)
113篇文章,你还在为保持健康身体、经营温馨家庭以及解决一大堆日常琐事而烦恼吗？关注..., · 637人关注,遇见身心灵
54篇文章,我曾经跨过山和大海，也穿过人山人海·要见解和记录·不要攻略, · 1.0K人关注,旅行·看世界
97篇文章,满满地sketch教程, · 2.1K人关注,用Sketch做UI
220篇文章,宋代历史、文化、社会研究，人物评说，故事演绎，文学创作……在两宋的历史..., · 1.8K人关注,爱宋史
68篇文章,"体验式设计的研究。
", · 1.0K人关注,体验式设计研究
32篇文章,"web N.0, 工业 N.0，云计算，物联网，词汇满天飞的时候，看大...", · 327人关注,企业信息之旅
764篇文章,欢迎投稿！搜罗、整理那些可能取代传统新闻媒体的“新媒体”或“互联网产品”。, · 2.5K人关注,传统媒体的颠覆者们
89篇文章,欢迎大家来讨论自己对游戏这种娱乐方式本身的反思, · 226人关注,游戏本体论
23篇文章,叫书评显得太专业，所以改叫读书随笔，读过一本书之后的所思所想所得所悟都..., · 773人关注,我的读书随笔
5篇文章,【不定时更新】毕业季的故事与感受，关于毕业的回忆等，欢迎投稿~, · 973人关注,毕业&留念
58篇文章,介绍那些家常的美食~, · 676人关注,凡间有味
10篇文章,唠唠股票，谈谈人生。, · 191人关注,股票人生
37篇文章,阿尔贝·加缪（Albert Camus，1913年11月7日－1960..., · 702人关注,加缪
24篇文章,关于怎么在网上写文章才能有效合理的申明并主张自己文章的版权，让我们好好..., · 2.0K人关注,写作者版权联盟
80篇文章,"我们发现生活中美好的事物，有品质的生活，从调调开始。

App下载...", · 911人关注,品质生活指南
196篇文章,欢迎分享真实个人经历、经验，烦请收好你的鸡汤。, · 1.3K人关注,经历说
61篇文章,大数据时代的来临，带给我们众多的冲击，每个人都应当与时俱进、不断提升知..., · 1.1K人关注,大数据时代各种涨姿势
384篇文章,亲情的思念力量, · 485人关注,关于亲情
62篇文章,"毕业季，就要离开校园的你，有什么故事和感悟？
舍不得什么，又期待着什么？", · 272人关注,毕业季
1118篇文章,有一种单身，未必只为等一个人；有一种单身，是一种思考，一种格调，一个灵..., · 2.1K人关注,有一种单身
947篇文章,"分享身边的故事

招募管理员", · 1.2K人关注,讲故事
539篇文章,I am a rider on a western highway..., · 707人关注,骑行
1981篇文章,字游族：是指爱好原创诗词、对联之类，言简意赅的精典文学形式的群体；宗旨..., · 535人关注,字游族
180篇文章,招聘，求职，及一切与此相关的资讯。, · 1.6K人关注,招聘-求职
100篇文章,运营最美，不过小情小欲, · 1.2K人关注,韩利深夜聊运营
48篇文章,我就是我，是颜色不一样的烟火。, · 872人关注,同性相吸
311篇文章,"我们在自己的世界里独自狂欢

也可以添加微信公众号：hktkdyc...", · 867人关注,我们在自己的世界里独自狂欢
375篇文章,每天小说故事, · 1.3K人关注,微小说
426篇文章,细品生活百味, · 301人关注,交流·随笔·小杂文
585篇文章,如星空般闪烁着柔和光芒的文字，凝固成心中一片璀璨的银河。, · 434人关注,星空
34篇文章,随便聊聊我认识的程序员，他们的过去今生, · 1.8K人关注,程序员的那些事儿
846篇文章,（food fun feeling 不是FFF团啦）食物除带给人饱腹感..., · 1.1K人关注,食乐感
62篇文章,由于本人工作重点放在专题《短篇小说》上，此处暂停投稿。, · 481人关注,浮世汇（短篇小说|微型小说）
164篇文章,自然、人文, · 2.3K人关注,科学家、哲学家
36475篇文章,"原专题：“动物之灵”，全新改版升级

收录有关动物、植物的故事，感...", · 397.3K人关注,万物生灵
0篇文章,如何像经营国家一样经营公司, · 1.2K人关注,创业者如何经营国家
17篇文章,好文章分享, · 157人关注,今日看点.
58篇文章,如题。, · 1.2K人关注,活法
54篇文章,"本专题用来分享创业者们关于创业的各种经历和经验，欢迎创业者投稿！
...", · 2.1K人关注,创业那些事
1312篇文章,iOS日常, · 2.4K人关注,iOS
655篇文章,科学运动，时尚健身, · 637人关注,运动&健身
84篇文章,"你是否想创业？还是正在创业中？
想获得经验？还是有吐不完的槽？
欢...", · 322人关注,创业这件大事！
6308篇文章,幻想与讽刺, · 7.2K人关注,童话·寓言
125篇文章,…女生的世界你们根本不懂！, · 3.9K人关注,女生说
102篇文章,欢迎大家踊跃投稿, · 2.6K人关注,技术干货
58篇文章,生活的忙碌使人疲惫不堪，逃出“围城”成了奢望。无奈还有一颗求知的心，渴..., · 1.7K人关注,旅行
10篇文章,"面试者亲历, 经验心得什么的.", · 822人关注,面试者说
97篇文章,使用电子产品的是人，而非仪器。, · 603人关注,最新电子产品评测报告
3798篇文章,及时记下，以便查询, · 735人关注,每日记事本
52篇文章,二进制的忧伤, · 349人关注,程序开发
90篇文章,it技术交流, · 1.6K人关注,Android技术交流
7773篇文章,这里有你想说的故事，你的情感，你的感悟，你的心情，你的想法。这里有你的..., · 1.8K人关注,你想说的7788
36篇文章,各种知识储备, · 1.2K人关注,能力提升
194篇文章,喝一杯咖啡的时间能读完的故事, · 2.0K人关注,听雨咖啡馆
70篇文章,热血的少年，让我们以此为盟，以文为誓，以十年为约，携手共勉，让改变不再..., · 243人关注,十年之约
315篇文章,只为学习, · 544人关注,ios学习
406篇文章,收集一些Windows PC上好用的软件以及相关技巧，从而节省时间来做..., · 1.2K人关注,Windows
309篇文章,启发性文章, · 861人关注,iOS点滴
214篇文章,情感总是妙不可言，爱情却时常有苦难言…, · 613人关注,爱情不讲道理
216篇文章,1, · 609人关注,你和一座陌生城市的故事
342篇文章,"每个人都可以成为故事的主角，故事因简而精彩。
您有一个梦想把自己的文...", · 608人关注,简故事
391篇文章,如果你想聊聊你对家的感觉，我也愿意对你说说我的生活意愿。, · 1.4K人关注,文艺家居
38篇文章,最新最好玩的装备分享、评测, · 965人关注,运动装备
6篇文章,Swift编程语言，集各种语言优点于一身，快速、动态、优雅，必将取代O..., · 1.6K人关注,swift入门宝典
142篇文章,他在你身上宣泄着寂寞，你却天真的以为那是爱情。, · 799人关注,治愈日记
12篇文章,欧内斯特·米勒·海明威（英语：Ernest Miller Heming..., · 1.0K人关注,海明威
34篇文章,清朝＆民国的故事，人物，历史，老理儿。您最好在一个安静的环境阅读本专题..., · 1.4K人关注,西山遗事
50篇文章,关注当下科技的变化，以及对生活影响，我把我所看、所听、所想的都说给你听。, · 795人关注,静观科技与生活
4篇文章,专门吐槽互联网安全, · 875人关注,互联网安全吐槽
124篇文章,"外语学习经验介绍和分享。
推荐世界上享誉盛名播讲类课程，不仅有优质的音...", · 4.2K人关注,外语学习口袋
8142篇文章,在记忆深处埋藏心情。, · 771人关注,心情日记
992篇文章,原创古典诗词，有情有景有境有韵有对仗有词牌，最好有经典名句，不求数量求..., · 1.2K人关注,风雅集
72篇文章,"跑步、滑雪、登山、攀岩、冲浪、潜水、越野……
游记、教程、经验、装备...", · 1.0K人关注,户外极限运动
508篇文章,职场干货湿货聚集区，用来充电和加固小宇宙。欢迎作者读者投稿分享！, · 628人关注,身在职场
25篇文章,"灰幽幽，

灰色是对世界的调侃，幽默是对生活的思考……

生活...", · 3.5K人关注,灰幽幽
2118篇文章,挖自己青春的坟墓, · 1.4K人关注,青春的坟墓
8816篇文章,"
肉体和灵魂总有一个在路上，为尘世所累昼夜奔波，有时亦会心力交瘁苦不...", · 8.1K人关注,音乐是你，另一个自我复活的地方
303篇文章,"不想忘记，就用画来记录，我愿固执的做一件热爱的事情到死为止。
PS....", · 3.0K人关注,Gigi-熊 一天一画
523篇文章,"自由思考,自由观察,自由记录.感受生活.", · 196人关注,千字文--一天一千字，健康中国人
278篇文章,谁没有疯狂过的岁月，谁没有后悔过的曾经，当记忆化作文字，你是否看的见稚..., · 306人关注,青春故事(欢迎大家关注公众号：小方小语）
199篇文章,你的samrt手机app，你做主。。。, · 1.1K人关注,Favorite App
280篇文章,跟莫妮卡一起看世界, · 1.8K人关注,看世界
42篇文章,每日发现最新款潮流搭配, · 1.2K人关注,连衣裙
90篇文章,球事。, · 467人关注,体育生
509篇文章,心理学、社会学、经济学、博弈论，以及现在兴起的人工智能、深度学习、大数..., · 2.2K人关注,认知科学探索与创新
9027篇文章,杂的文，散的文, · 1.0K人关注,随笔
268篇文章,90后新锐情感咨询师——Rachel君，不定期发送情感类文章~希望大家..., · 2.0K人关注,爱情答疑
68篇文章,"与宠物的点滴.

现在这个专题想找一个管理员，有想做的人可以找我", · 888人关注,我和宠物的日常
80篇文章,父母，是一场关于爱的修行；孩子，是这场修行的导师。爱孩子，从接受来自孩..., · 465人关注,听孩子教育自己
36篇文章,"本专题为“演讲”相关的话题。

投稿前请如下要求：

1）文章...", · 2.1K人关注,演讲
154篇文章,"爱情不单是我们成长的方式，也会一直伴我们垂垂老去……
", · 265人关注,爱情
2861篇文章,"求职季，用心整理了一个专题。

推荐几篇好文，关于求职、关于简历、...", · 1.3K人关注,求职在路上
11篇文章,不会分享的学习者，不是好的设计师；本专题并无干货，主要聊设计、学习和修炼。, · 1.5K人关注,设计师的自我修炼
66篇文章,互联网金融知识收集与整理，尤其专注p2p领域, · 634人关注,互联网金融|p2p
81篇文章,市场营销, · 2.1K人关注,市场营销
394篇文章,当你努力到让别人害怕，努力到都可以感动自己，那就离成功不远了。要做一个..., · 762人关注,所谓成长，就是一步一步变优秀。不怕苦，也愿意拼劲全力
54篇文章,"一些有趣的正在发生中的商业模式和新创公司。

目前是把公众号钛点（...", · 2.4K人关注,Interesting Business Models | 有趣的商业模式们
57篇文章,安卓底层，接口设计的笔记和最新技术分享, · 3.7K人关注,安卓开发
1070篇文章,诗歌、小说、散文、随笔、杂文、影评、时评、摄影、音乐……你能玩的文艺题..., · 2.0K人关注,精品文艺
3941篇文章,人生当中所有能够让事情量变产生质变的行为都是奋斗，为了爱情，为了生活等..., · 1.7K人关注,我的奋斗
1402篇文章,关于电影的一切，欢迎投稿。, · 790人关注,关于电影的一切
411篇文章,这里不仅讨论技术，更讨论软件测试正确的理念。大家也可以多支持《大话移动..., · 3.9K人关注,赏味不足
2756篇文章,"对电影、动画等艺术做评论
", · 2.9K人关注,影评
232篇文章,收录精华和热门内容，开脑洞，干货，想法，一应俱全。, · 3.5K人关注,简书精选
2307篇文章,G图标象征着Google的产品哲学。, · 2.2K人关注,产品大学
1473篇文章,为你分享那些经典的歌词！, · 2.9K人关注,美歌美词
1697篇文章,"由于个人原因，本专题审稿较慢，介意勿投！
欢迎将你的生活感悟，学习心得...", · 2.2K人关注,每天进步一点点
463篇文章,生态文学写作平台, · 1.0K人关注,生态诗意
101篇文章,我帮你把世界的倒影扶正，不用谢。, · 1.4K人关注,人生何必揭穿
436篇文章,PPT设计相关, · 2.1K人关注,PPT
3827篇文章,"要有最朴素的生活 与最遥远的梦想
即使明日天寒地冻  路远马亡
...", · 2.2K人关注,关于梦想，关于现实，关于TA
63篇文章,大学的某个夜晚，两个男生因为一个奇葩的起因相遇，从此在彼此的生命里烙下..., · 4.6K人关注,我们曾相遇，想到就心酸
9165篇文章,人生就是装满苦涩兰姆酒和甜美可乐的巧克力，打开的是哪一种味道，不能预知..., · 2.1K人关注,火花
8篇文章,人至健则无敌, · 2.3K人关注,人鱼线&马甲线
32篇文章,不知不觉，夏天已悄悄来临。有些童鞋可能又要热得受不了啦！别担心，七月@..., · 2.2K人关注,凉夏
452篇文章,2018学起来，旺起来，一切就是为了学英语，方法、技巧、心得、感悟，通..., · 3.6K人关注,学英语
3031篇文章,"1，谈知识，应有理有据，出新成果；
2，说感受，应言之有物，真情实感...", · 4.9K人关注,简 • 茶
46篇文章,分享在安卓和iOS上面自动化相关的知识, · 2.2K人关注,Android&iOS
7491篇文章,"青春，一个永不重现的时代！
记录我们一路走来的欢乐与悲伤！", · 4.6K人关注,青春后时代
58篇文章,从基础开始，介绍REST架构风格, · 1.5K人关注,REST架构风格研究
234篇文章,世界那么大，工资那么低······没关系，我们一起从零开始，理财理生活！, · 2.4K人关注,从零开始学理财
182篇文章,记录产品经理成长的真实历程。这里只求真，没有真理。欢迎投稿, · 3.2K人关注,每天一品
55篇文章,你要找的书正在找你, · 3.8K人关注,发现好书
659篇文章,关于跑步的文字，让你更快乐地，健康地跑起来，不管你是跑半马还是全马，还..., · 3.0K人关注,跑步天地
1632篇文章,"有关电子商务的快人快语。
", · 1.8K人关注,知啦专栏
172篇文章,"关于一本书，关于读书。
从今往后，读完一本书，尽量留下一些文字，纪念...", · 2.8K人关注,读书后写字
6449篇文章,大数据，收录大数据相关技术的文章。, · 8.4K人关注,大数据
128篇文章,所有旅行，在路上的见闻、心得以及行走的印记与推荐，都是我们需要的。与你..., · 2.0K人关注,在路上
10篇文章,睡眠相关知识学习以及自我如何改善睡眠的方法, · 2.8K人关注,睡眠相关知识以及改善方法
149篇文章,"大学，如何自我提升？
本专题拒绝毒鸡汤！！！", · 2.4K人关注,大学的自我提升
171篇文章,专注收集整理以下几个方面的相关文章：手机APP设计、手机系统设计、智能..., · 1.8K人关注,移动产品设计[MobileDesign]
159篇文章,欢迎大家放空自己的时候来这里坐一坐。在这里，可以分享你们生活中比较有意..., · 1.7K人关注,像艺术家一样思考
2799篇文章,人生如逆旅，我亦是侠客, · 1.2K人关注,我喜欢的武侠&中国风
102篇文章,"本专题专为“互联网读书”相关的话题。

投稿前请如下要求：

...", · 2.7K人关注,互联网类读书笔记
371篇文章,不是读后感，而是每本书的简介，诸如结构、内容和创新点。目的是为了未读过..., · 2.0K人关注,书评Review
282篇文章,"只迎合10%不怀好意的脑子
不推荐任何自己的文章
注定无法成为首页...", · 600人关注,喵星人的今日看点
806篇文章,聚焦篮球，畅谈NBA，收纳有深度的文章，从篮球思考人生。, · 2.0K人关注,NBA 一切关于篮球
389篇文章,移动APP产品体验观察, · 1.4K人关注,移动APP产品体验
74篇文章,理论、批评、散文~文艺抒情不算哦～, · 2.6K人关注,有关文艺
475篇文章,吃喝玩乐在各地，夹杂着哪些情感与情绪。, · 1.3K人关注,北京北京
242篇文章,分享你的旅行故事，吃过的美食、看过的风景、吃过的民宿……一起和玩有关系..., · 2.9K人关注,那些和旅行、美食、民宿有关的人和事
222篇文章,"本专题专为“大学生”相关的话题。

投稿前请如下要求：

1）...", · 1.7K人关注,大学生
1100篇文章,        由于本专题投稿的文章越来越多，内容和形式也越来越杂乱，..., · 2.2K人关注,童年回忆录
241篇文章,如题，讲述或温情或奇葩的亲戚们。, · 1.9K人关注,爷爷奶奶外公外婆爸爸妈妈哥哥姐姐弟弟妹妹姑表姨婆二大爷
43379篇文章,本专题主要收录造型艺术（主要为绘画、雕塑、器物、工艺等）相关文章。电影..., · 881.3K人关注,艺术
364篇文章,O2O产品运营，O2O产品分析、体验，有质量的O2O思考, · 1.3K人关注,O2O探索
183篇文章,机械 · 电子 · 嵌入式 · 制造业 · 想象力, · 4.0K人关注,硬件&嵌入式
82篇文章,设计营销色彩及色彩学, · 4.4K人关注,设计色彩及色彩学
339篇文章,推荐一些有意思的iOSApp。Ps:不是我看不起大安卓，只是我没用过。, · 7.5K人关注,iOSApp推荐
2094篇文章,开发者加入314846081开发者讨论群！, · 3.0K人关注,IOS
686篇文章,虚心若愚，求知若饥, · 1.8K人关注,iOS开发
85篇文章,"绝对入门级。。

另一方面，这个90后为主力的书写平台真是让我看到...", · 2.3K人关注,好多编程入门
6篇文章,探索PHP知识，反思如何运用到自己项目中, · 2.3K人关注,PHP探索与反思
40篇文章,"主要介绍,如何将学习的方法落地,实践.从而产生人生价值..升职加薪,,...", · 3.0K人关注,学习力就是竞争力
109篇文章,本专题收录关于中文及汉字的讨论、知识普及文章。, · 3.5K人关注,中文和汉字
232篇文章,大街网的简书专题之一：神秘的人人力资源部里，每天都在发生着关于招聘、培..., · 2.3K人关注,街上的HR们
13510篇文章,"爱前端，在路上，希望结伴而行。
投稿审核编辑招聘中，愿意义务帮忙管理...", · 20.9K人关注,Web前端之路
253篇文章,发布一些自己的观后感，欢迎大神投稿~~~, · 6.3K人关注,爱电影
192篇文章,一天一首诗，放歌生活。因管理员水平限制，只接受现代诗投稿，旧体诗和词勿投。, · 2.8K人关注,一天一首诗
204篇文章,"最前沿的个性化体能训练
", · 3.2K人关注,体能训练
10222篇文章,上班族的喜怒哀乐，职场生涯、管理技巧等, · 35.5K人关注,人在职场
78篇文章,收集3000字左右的短篇小说。精挑细选，投稿请谨慎。, · 3.2K人关注,3000字，足够我写出好小说了
2610篇文章,有人说诗人是病人，窃以为病重方可对世歌咏。这里对所有诗歌敞开怀抱，99..., · 1.4K人关注,久病成诗
33篇文章,在繁华之中，求得一个安静的所在；在一堆堆的书中，翻检出一本本好书。每天..., · 3.8K人关注,每天一本书
18篇文章,一份专为程序员打造的IT技术周刊 | 微信号：developerWorks, · 3.4K人关注,码农周刊
2篇文章,介绍如何从windows移居到ubuntu，并从此过上幸福的生活。, · 2.4K人关注,移居Ubuntu
131篇文章,你想知道的关于目标、行动、时间的精品文章，我们统统推荐给你，本专题将会..., · 7.1K人关注,掌控每一天
714篇文章,有关微信营销的一切干货文章。关键词：微信营销、微信公众号、微信朋友圈、..., · 2.6K人关注,微信营销
531篇文章,"【没有海量测评 只有精挑细选】
业余爱好评测各类APP\网站\软件\...", · 4.5K人关注,测评爱好者
67篇文章,一本分享故事，也分享干货、传达思想的有料杂志。简书推出，每两周出刊。, · 6.2K人关注,简书周刊
287篇文章,PH快报是由一群产品爱好者每日编译producthunt榜单产品而成。, · 3.2K人关注,Product Hunt 每日快报
55篇文章,推荐和介绍各种学习方法..例如：阅读的方法呀，学习状态的方法等。, · 10.9K人关注,学习方法
87篇文章,收录 iOS 开发 高质量技术文章, · 3.1K人关注,iOS开发技术讨论
5415篇文章,汇聚有价值的书评书话、摘录书中美文、文中妙语，寻找天下爱书之人的文字。..., · 4.3K人关注,读书志
1786篇文章,记录iOS开发的点点滴滴，愿与君共勉。, · 3.3K人关注,iOS点点滴滴
486篇文章,"一起发现好用、好看和好玩的应用
每天一款优秀应用（覆盖双平台）
...", · 7.3K人关注,最美应用 | 有价值的好应用
115217篇文章,吸取生活气息，收集人文素养，感受韵律躁动。, · 9.3K人关注,随笔散文
15488篇文章,这里是初学者的投稿圣地，若你对写作有兴趣，欢迎来练习来投稿，令人恐惧的..., · 2.2K人关注,文学，诗歌，共享。
153篇文章,"本专题为“美食”相关的话题。

投稿前请如下要求：

1）文章...", · 2.4K人关注,美食汇
2434篇文章,"本专题暂时关闭投稿。
请移步投稿语言·翻译专题 http://www...", · 298.8K人关注,翻译·译文
308篇文章,"最美的床上礼仪。
睡不着，来一个睡前故事。
清晨醒来赖床，来一个暖...", · 1.4K人关注,世界那么美不如你好看
23篇文章,。, · 232人关注,。
7339篇文章,"以诗歌为柴火
以黑夜为舞台

投稿要求：深度！

微博：野火诗社
公众...", · 3.3K人关注,野火诗社
1546篇文章,我们在这个混乱又肥壮的世界捉迷藏，跑的飞快且躲得隐秘，但总会为一些美好..., · 858人关注,生活小觑
86274篇文章,"教育是启蒙，教育即生活，教育为未来生活之准备。

专题有3大版块：...", · 783.6K人关注,教育
806篇文章,iOS, · 4.8K人关注,iOS-swift
3310篇文章,(欢迎大家关注本专题对应公众号：弥芒的大峃 (mmddx123)，每天..., · 3.0K人关注,大学路上不迷茫
